subnum,avg_comp,avg_stranger,avg_friend,avg_misses
104,5.442424,5.666667,5.666667,0.2
105,3.6,3.6,4.933333,0.6
106,3.222222,2.80303,3.126263,0.666667
107,3.2,4.266667,4.933333,0
108,4.5,5.151515,5.666667,0.2
109,4.878788,4.886364,5.666667,1
110,4.166667,4.666667,4.333333,0
112,4.533333,4.9,4.809091,0.2
113,2.433333,5.457576,4.833333,0.2